<?xml version="1.0" encoding="UTF-8"?><Earth_Explorer_File xmlns="http://gs2.esa.int/DATA_STRUCTURE/olqcReport">
    <Earth_Explorer_Header>
        <Fixed_Header>
            <File_Name>GRANULE/L1C_T18LUM_A018455_20200917T151745/QI_DATA/GENERAL_QUALITY.xml</File_Name>
            <File_Description>Report produced by OLQC-SC</File_Description>
            <Notes/>
            <Mission>S2B</Mission>
            <File_Class>OPER</File_Class>
            <File_Type>REP_OLQCPA</File_Type>
            <Validity_Period>
                <Validity_Start>UTC=2019-10-21T00:30:00</Validity_Start>
                <Validity_Stop>UTC=2100-01-01T00:00:00</Validity_Stop>
            </Validity_Period>
            <File_Version>2</File_Version>
            <Source>
                <System>OLQC-SC</System>
                <Creator>OLQC-SC</Creator>
                <Creator_Version>01.06.04</Creator_Version>
                <Creation_Date>UTC=2020-09-17T21:08:45</Creation_Date>
            </Source>
        </Fixed_Header>
    </Earth_Explorer_Header>
    <Data_Block type="xml">
        <report date="2020-09-17T21:08:45.437Z" gippVersion="1.0" globalStatus="PASSED">
            <checkList>
                <parentID>S2B_OPER_GIP_OLQCPA_MPC__20191004T000021_V20191021T003000</parentID>
                <name>GENERAL_QUALITY</name>
                <version>1.0</version>
                <item class="http://www.esa.int/s2#pdi_level_1c_tile_container" className="PDI Level 1C Tile Folder" name="S2B_OPER_MSI_L1C_TL_VGS2_20200917T203629_A018455_T18LUM_N02.09" url="/gpfs/dpc/data/phoebus-share/PHOEBUS-4.5.002/wp_in_progress/l1c_20200917_51/app_data/steps_data/L1C/TILE/S2B_OPER_MSI_L1C_TL_VGS2_20200917T203629_A018455_T18LUM_N02.09/"/>
                <check>
                    <inspection creation="2020-09-17T21:08:45.157Z" duration="223" execution="2020-09-17T21:08:45.199Z" id="Solar_Angle_Zenith" item="S2B_OPER_MTD_L1C_TL_VGS2_20200917T203629_A018455_T18LUM.xml" itemURL="/gpfs/dpc/data/phoebus-share/PHOEBUS-4.5.002/wp_in_progress/l1c_20200917_51/app_data/steps_data/L1C/TILE/S2B_OPER_MSI_L1C_TL_VGS2_20200917T203629_A018455_T18LUM_N02.09/S2B_OPER_MTD_L1C_TL_VGS2_20200917T203629_A018455_T18LUM.xml" name="Check the zenith solar angle. " priority="5" processingStatus="done" status="PASSED"/>
                    <message contentType="text/plain">Zenith solar angle (27.0981273797852) is within the threshold limit (82.0) </message>
                    <extraValues>
                        <value name="EXPECTED">82.0</value>
                        <value name="SOLAR_ZENITH_ANGLE">27.0981273797852</value>
                    </extraValues>
                </check>
                <check>
                    <inspection creation="2020-09-17T21:08:47.313Z" duration="9" execution="2020-09-17T21:08:47.320Z" id="checkMetadata" item="S2B_OPER_MSI_L1C_TL_VGS2_20200917T203629_A018455_T18LUM_N02.09" itemURL="/gpfs/dpc/data/phoebus-share/PHOEBUS-4.5.002/wp_in_progress/l1c_20200917_51/app_data/steps_data/L1C/TILE/S2B_OPER_MSI_L1C_TL_VGS2_20200917T203629_A018455_T18LUM_N02.09/" name="Metadata file check. " priority="5" processingStatus="done" status="PASSED"/>
                    <message contentType="text/plain">Metadata file is present.</message>
                </check>
                <check>
                    <inspection creation="2020-09-17T21:08:47.647Z" duration="68" execution="2020-09-17T21:08:47.654Z" id="Data_Loss" item="S2B_OPER_MSI_L1C_TL_VGS2_20200917T203629_A018455_T18LUM_N02.09" itemURL="/gpfs/dpc/data/phoebus-share/PHOEBUS-4.5.002/wp_in_progress/l1c_20200917_51/app_data/steps_data/L1C/TILE/S2B_OPER_MSI_L1C_TL_VGS2_20200917T203629_A018455_T18LUM_N02.09/" name="Check TECQUA for data loss " priority="5" processingStatus="done" status="PASSED"/>
                    <message contentType="text/plain">No data loss in this tile.</message>
                </check>
            </checkList>
        </report>
    </Data_Block>
</Earth_Explorer_File>
