<?xml version="1.0" encoding="UTF-8"?><Earth_Explorer_File xmlns="http://gs2.esa.int/DATA_STRUCTURE/olqcReport">
    <Earth_Explorer_Header>
        <Fixed_Header>
            <File_Name>GRANULE/L1C_T18LUM_A018455_20200917T151745/QI_DATA/GEOMETRIC_QUALITY.xml</File_Name>
            <File_Description>Report produced by OLQC-SC</File_Description>
            <Notes/>
            <Mission>S2B</Mission>
            <File_Class>OPER</File_Class>
            <File_Type>REP_OLQCPA</File_Type>
            <Validity_Period>
                <Validity_Start>UTC=2019-10-21T00:30:00</Validity_Start>
                <Validity_Stop>UTC=2100-01-01T00:00:00</Validity_Stop>
            </Validity_Period>
            <File_Version>2</File_Version>
            <Source>
                <System>OLQC-SC</System>
                <Creator>OLQC-SC</Creator>
                <Creator_Version>01.06.04</Creator_Version>
                <Creation_Date>UTC=2020-09-17T21:08:45</Creation_Date>
            </Source>
        </Fixed_Header>
    </Earth_Explorer_Header>
    <Data_Block type="xml">
        <report date="2020-09-17T21:08:45.644Z" gippVersion="1.0" globalStatus="PASSED">
            <checkList>
                <parentID>S2B_OPER_GIP_OLQCPA_MPC__20191004T000021_V20191021T003000</parentID>
                <name>GEOMETRIC_QUALITY</name>
                <version>1.0</version>
                <item class="http://www.esa.int/s2#pdi_level_1c_tile_container" className="PDI Level 1C Tile Folder" name="S2B_OPER_MSI_L1C_TL_VGS2_20200917T203629_A018455_T18LUM_N02.09" url="/gpfs/dpc/data/phoebus-share/PHOEBUS-4.5.002/wp_in_progress/l1c_20200917_51/app_data/steps_data/L1C/TILE/S2B_OPER_MSI_L1C_TL_VGS2_20200917T203629_A018455_T18LUM_N02.09/"/>
                <check>
                    <inspection creation="2020-09-17T21:08:45.442Z" duration="116" execution="2020-09-17T21:08:45.515Z" id="Solar_Angle_Azimuth" item="S2B_OPER_MTD_L1C_TL_VGS2_20200917T203629_A018455_T18LUM.xml" itemURL="/gpfs/dpc/data/phoebus-share/PHOEBUS-4.5.002/wp_in_progress/l1c_20200917_51/app_data/steps_data/L1C/TILE/S2B_OPER_MSI_L1C_TL_VGS2_20200917T203629_A018455_T18LUM_N02.09/S2B_OPER_MTD_L1C_TL_VGS2_20200917T203629_A018455_T18LUM.xml" name="Check the azimuth solar angle. " priority="5" processingStatus="done" status="PASSED"/>
                    <message contentType="text/plain">Azimuth solar angle (60.0444897009948) is in the limit of the threshold (360.0) </message>
                    <extraValues>
                        <value name="EXPECTED">360.0</value>
                        <value name="SOLAR_AZIMUTH_ANGLE">60.0444897009948</value>
                    </extraValues>
                </check>
                <check>
                    <inspection creation="2020-09-17T21:08:47.757Z" duration="397" execution="2020-09-17T21:08:47.776Z" id="Granule_Dimensions_60m" item="S2B_OPER_MSI_L1C_TL_VGS2_20200917T203629_A018455_T18LUM_N02.09" itemURL="/gpfs/dpc/data/phoebus-share/PHOEBUS-4.5.002/wp_in_progress/l1c_20200917_51/app_data/steps_data/L1C/TILE/S2B_OPER_MSI_L1C_TL_VGS2_20200917T203629_A018455_T18LUM_N02.09/" name="Check the 60m consistency of granules/tiles. " priority="5" processingStatus="done" status="PASSED"/>
                    <message contentType="text/plain">60m resolution granules/tiles dimensions are correct.</message>
                </check>
                <check>
                    <inspection creation="2020-09-17T21:08:48.175Z" duration="910" execution="2020-09-17T21:08:48.213Z" id="Granule_Dimensions_20m" item="S2B_OPER_MSI_L1C_TL_VGS2_20200917T203629_A018455_T18LUM_N02.09" itemURL="/gpfs/dpc/data/phoebus-share/PHOEBUS-4.5.002/wp_in_progress/l1c_20200917_51/app_data/steps_data/L1C/TILE/S2B_OPER_MSI_L1C_TL_VGS2_20200917T203629_A018455_T18LUM_N02.09/" name="Check the 20m consistency of granules/tiles. " priority="5" processingStatus="done" status="PASSED"/>
                    <message contentType="text/plain">20m resolution granules/tiles dimensions are correct.</message>
                </check>
                <check>
                    <inspection creation="2020-09-17T21:08:49.124Z" duration="150" execution="2020-09-17T21:08:49.134Z" id="Granule_Dimensions_10m" item="S2B_OPER_MSI_L1C_TL_VGS2_20200917T203629_A018455_T18LUM_N02.09" itemURL="/gpfs/dpc/data/phoebus-share/PHOEBUS-4.5.002/wp_in_progress/l1c_20200917_51/app_data/steps_data/L1C/TILE/S2B_OPER_MSI_L1C_TL_VGS2_20200917T203629_A018455_T18LUM_N02.09/" name="Check the 10m consistency of granules/tiles. " priority="5" processingStatus="done" status="PASSED"/>
                    <message contentType="text/plain">10m resolution granules/tiles dimensions are correct.</message>
                </check>
            </checkList>
        </report>
    </Data_Block>
</Earth_Explorer_File>
